id,first_name,last_name,favorite_color
8203029752,Conni,Odo,Purple
3757042697,Rockey,MacMoyer,Yellow
1735954691,Correy,Hawksworth,Maroon
5500287060,Kristofor,Iddins,Fuscia
3866773315,Devan,Pooly,Crimson
5121523394,Ange,Keys,Indigo
2071600061,Erica,Lown,Red
6986512791,Pepe,Kinforth,Violet
9917513795,Yolanthe,Letteresse,Green
8707343817,Shurwood,Iacobo,Turquoise
8747143975,Jennee,Dartan,Maroon
7497835602,Merilee,Ciani,Turquoise
4230094809,Alfie,Moylan,Khaki
9303677897,Lenka,Kibel,Aquamarine
9929367683,Justis,Jeannaud,Orange
6095505186,Elke,Bellocht,Indigo
0285318667,Denney,Steadman,Maroon
8386634626,Margette,Thieme,Purple
3229174429,Ray,Biddlestone,Orange
2550979109,Adrianna,Maha,Maroon
8700281484,Prescott,Erratt,Maroon
3509371933,Perice,Colenutt,Crimson
2112893084,Cornell,Dawdry,Fuscia
2302339258,Guglielmo,Primett,Aquamarine
0736637281,Pascal,Roullier,Red
0208666028,Paolina,Stathers,Green
0529757389,Auguste,Winter,Fuscia
7026257129,Heath,Benbow,Teal
4802199252,Omero,Stonnell,Green
7331412825,Claybourne,Bonde,Puce
1711967653,Debra,Stannis,Goldenrod
1429529296,Siegfried,Trill,Khaki
7158269566,Lyell,Raffeorty,Yellow
4060165131,Justus,Lucien,Teal
5625895325,Bradney,Bernth,Green
2657324770,Juieta,Ubsdell,Blue
0792437950,Charyl,Auld,Pink
3344632795,Lee,Hatchard,Red
0548853126,Dedra,Baxstair,Teal
0005366305,Ulla,Isselee,Pink
9586834182,Deck,Jarley,Pink
3826695305,Wain,Frew,Violet
2663074926,Fonz,Sewall,Mauv
1681572850,Dale,Shapcott,Aquamarine
0533492807,Daloris,Yanshinov,Teal
5772042424,Garret,Hamerton,Maroon
1602008817,Annabelle,Buckeridge,Violet
1859373666,Dianna,Wybourne,Mauv
2264384808,Jillayne,L' Anglois,Mauv
9515386039,Jesse,Dunhill,Puce
8704219805,Joana,Knighton,Fuscia
1531205267,Dolly,Spellar,Violet
5385957607,Brook,Backes,Violet
0286517515,Junia,Gribben,Indigo
4084525022,Denis,Skingley,Mauv
2736649222,Sophia,Phette,Puce
8647648021,Jonie,Tabard,Maroon
5017096418,Nichol,Blenkinship,Goldenrod
7172510674,Jarred,MacWilliam,Pink
3109931559,Kerrin,Setterfield,Puce
9995427060,Tad,Hurndall,Khaki
0868036048,Ellissa,Zieme,Maroon
4359607059,Sharline,Simion,Yellow
3069967280,Daphne,Stanesby,Purple
6456897343,Amelina,Andreolli,Green
9250541236,Blondy,Frary,Yellow
6436433759,Bernardo,Grunwall,Fuscia
5376330508,Shantee,Jovey,Blue
6497847014,Ema,MacFadden,Teal
0091848385,Heddie,Rayment,Puce
8530267095,Kurt,Normanville,Teal
0895941708,Graig,Woolner,Blue
5982687545,Jonathon,Davidge,Yellow
8071789127,Mindy,Beton,Puce
2626834823,Rutledge,Ferrao,Orange
4445268305,Les,Witchard,Puce
5960287617,Eal,Redish,Indigo
9535842420,Had,Corradeschi,Khaki
3336423066,Meagan,Duberry,Puce
7536765223,Haze,Zambonini,Maroon
1209883538,Tonya,Matthiae,Indigo
1403598835,Hendrick,Grier,Fuscia
5740322278,Rabbi,Shearer,Blue
7001246271,Vasilis,Enden,Maroon
6747477235,Elga,Paolicchi,Orange
5047128911,Kirbie,Duding,Khaki
5108185421,Alfie,Mochar,Maroon
5945974889,Susanne,Hosten,Maroon
7677350305,Jeana,Bazek,Fuscia
9961735617,Toiboid,Greenmon,Turquoise
5426951284,Yard,Caddens,Violet
7035643818,Kevan,McIlreavy,Yellow
4019141975,Wyn,O'Farrell,Teal
3771281377,Zita,Gostall,Turquoise
8234150774,Jobye,Langthorne,Green
2644806976,Jannel,Sones,Fuscia
7597544316,Cyril,Kornas,Orange
9330251870,Amii,Tidey,Fuscia
5822162142,Gardie,Jacobsson,Violet
5222680908,Redd,Nutton,Red
